{"acc": {"train": [0.4333333671092987, 0.4333333671092987, 0.4333333671092987, 0.46666669845581055, 0.6000000238418579, 0.40000003576278687, 0.6000000238418579, 0.5666667222976685], "val": [0.5666667222976685, 0.5666667222976685, 0.5666667222976685, 0.40000003576278687, 0.5, 0.5666667222976685, 0.40000003576278687, 0.46666669845581055], "test": [0.5333333611488342, 0.5, 0.5333333611488342, 0.4333333671092987, 0.5333333611488342, 0.6000000238418579, 0.5666667222976685, 0.5]}, "loss": {"train": [0.7940398454666138, 0.7207702398300171, 0.6979138255119324, 0.6807054281234741, 0.6628285050392151, 0.7333257794380188, 0.674216091632843, 0.6962291598320007], "val": [0.7409650087356567, 0.7048749923706055, 0.6796666979789734, 0.7116738557815552, 0.7245737910270691, 0.6891294121742249, 0.7296196222305298, 0.7045990228652954], "test": [0.7961530685424805, 0.7410329580307007, 0.6925413012504578, 0.7114243507385254, 0.7004904747009277, 0.6800180077552795, 0.6731390953063965, 0.699060320854187]}}