{"acc": {"train": [0.5333333611488342, 0.5, 0.5, 0.5, 0.8000000715255737, 0.8000000715255737, 1.0, 0.9333333969116211], "val": [0.5666667222976685, 0.5666667222976685, 0.5666667222976685, 0.5666667222976685, 0.6333333849906921, 0.46666669845581055, 0.46666669845581055, 0.5666667222976685], "test": [0.7666667103767395, 0.7333333492279053, 0.7333333492279053, 0.7333333492279053, 0.5333333611488342, 0.36666667461395264, 0.46666669845581055, 0.7333333492279053]}, "loss": {"train": [0.6984635591506958, 0.7570119500160217, 0.7511169910430908, 0.8459567427635193, 0.510162353515625, 0.6181843280792236, 0.03977726772427559, 0.23379676043987274], "val": [0.6990431547164917, 0.7125895619392395, 0.7033549547195435, 0.8535791039466858, 0.6428169012069702, 2.0115957260131836, 1.2307287454605103, 2.7767162322998047], "test": [0.5810448527336121, 0.639398992061615, 0.5835163593292236, 0.5847651958465576, 0.6921720504760742, 2.2837963104248047, 0.871128499507904, 1.5216041803359985]}}