{"acc": {"train": [0.7000000476837158, 0.4333333671092987, 0.5666667222976685, 0.7000000476837158, 0.6666666865348816, 0.7000000476837158, 0.7000000476837158, 0.7000000476837158], "val": [0.5666667222976685, 0.5, 0.5666667222976685, 0.5666667222976685, 0.6000000238418579, 0.5666667222976685, 0.5333333611488342, 0.5666667222976685], "test": [0.7666667103767395, 0.3333333432674408, 0.6000000238418579, 0.7666667103767395, 0.7666667103767395, 0.7333333492279053, 0.7000000476837158, 0.7666667103767395]}, "loss": {"train": [0.6178640127182007, 0.703590452671051, 0.7012573480606079, 0.6005688905715942, 0.6649495959281921, 0.6418125629425049, 0.6473630666732788, 0.6211321949958801], "val": [0.6900966763496399, 0.7010175585746765, 0.6740648150444031, 0.728226900100708, 0.6626423001289368, 0.6906262040138245, 0.6669240593910217, 0.6668687462806702], "test": [0.5936921238899231, 0.7145220041275024, 0.6689591407775879, 0.5490226149559021, 0.6005889177322388, 0.6122106909751892, 0.6365431547164917, 0.6333283185958862]}}