{"acc": {"train": [0.36666667461395264, 0.5666667222976685, 0.6333333849906921, 0.6333333849906921, 0.6333333849906921, 0.6333333849906921, 0.6333333849906921, 0.6333333849906921], "val": [0.3333333432674408, 0.30000001192092896, 0.6666666865348816, 0.6666666865348816, 0.6666666865348816, 0.6666666865348816, 0.6666666865348816, 0.6666666865348816], "test": [0.2666666805744171, 0.3333333432674408, 0.7333333492279053, 0.7333333492279053, 0.7333333492279053, 0.7333333492279053, 0.7333333492279053, 0.7333333492279053]}, "loss": {"train": [0.7793970704078674, 0.696632981300354, 0.7775139212608337, 0.7041385769844055, 0.6535404324531555, 0.6830732226371765, 0.7356136441230774, 0.6820726990699768], "val": [0.7807496190071106, 0.7337290644645691, 0.7020576596260071, 0.651226282119751, 0.6402994394302368, 0.6818869709968567, 0.6868122220039368, 0.6465455889701843], "test": [0.8638192415237427, 0.7552957534790039, 0.6375694870948792, 0.5765412449836731, 0.5762401819229126, 0.5556076169013977, 0.6136969327926636, 0.5799832344055176]}}