{"acc": {"combined_parsbert_word2vec": {"train": [0.6458333730697632, 0.6458333730697632, 0.6458333730697632, 0.6458333730697632, 0.6458333730697632, 0.6458333730697632, 0.6458333730697632, 0.6458333730697632, 0.6458333730697632, 0.6458333730697632, 0.6458333730697632, 0.6458333730697632, 0.6458333730697632, 0.6458333730697632, 0.6458333730697632, 0.6458333730697632, 0.6458333730697632, 0.6458333730697632, 0.6458333730697632, 0.6458333730697632, 0.6458333730697632, 0.6458333730697632, 0.6458333730697632, 0.6458333730697632, 0.6458333730697632, 0.6458333730697632, 0.6458333730697632, 0.6458333730697632, 0.6458333730697632, 0.6458333730697632, 0.6458333730697632, 0.6458333730697632, 0.6458333730697632, 0.6458333730697632, 0.6458333730697632, 0.6458333730697632, 0.6458333730697632, 0.6458333730697632, 0.6458333730697632, 0.6458333730697632, 0.6458333730697632, 0.6458333730697632, 0.6458333730697632, 0.6458333730697632, 0.6458333730697632, 0.6458333730697632, 0.6458333730697632, 0.6458333730697632, 0.6458333730697632, 0.6458333730697632, 0.6458333730697632, 0.6458333730697632, 0.6458333730697632, 0.6458333730697632, 0.6458333730697632, 0.6458333730697632, 0.6458333730697632, 0.6458333730697632, 0.6458333730697632, 0.6458333730697632], "val": [0.699999988079071, 0.6875, 0.6875, 0.6875, 0.6875, 0.6875, 0.6875, 0.6875, 0.6875, 0.6875, 0.6875, 0.6875, 0.6875, 0.6875, 0.6875, 0.6875, 0.6875, 0.6875, 0.6875, 0.6875, 0.6875, 0.6875, 0.6875, 0.6875, 0.6875, 0.6875, 0.6875, 0.6875, 0.6875, 0.6875, 0.6875, 0.6875, 0.6875, 0.6875, 0.6875, 0.6875, 0.6875, 0.6875, 0.6875, 0.6875, 0.6875, 0.6875, 0.6875, 0.6875, 0.6875, 0.6875, 0.6875, 0.6875, 0.6875, 0.6875, 0.6875, 0.6875, 0.6875, 0.6875, 0.6875, 0.6875, 0.6875, 0.6875, 0.6875, 0.6875], "test": [0.5875000357627869, 0.6000000238418579, 0.6000000238418579, 0.6000000238418579, 0.6000000238418579, 0.6000000238418579, 0.6000000238418579, 0.6000000238418579, 0.6000000238418579, 0.6000000238418579, 0.6000000238418579, 0.6000000238418579, 0.6000000238418579, 0.6000000238418579, 0.6000000238418579, 0.6000000238418579, 0.6000000238418579, 0.6000000238418579, 0.6000000238418579, 0.6000000238418579, 0.6000000238418579, 0.6000000238418579, 0.6000000238418579, 0.6000000238418579, 0.6000000238418579, 0.6000000238418579, 0.6000000238418579, 0.6000000238418579, 0.6000000238418579, 0.6000000238418579, 0.6000000238418579, 0.6000000238418579, 0.6000000238418579, 0.6000000238418579, 0.6000000238418579, 0.6000000238418579, 0.6000000238418579, 0.6000000238418579, 0.6000000238418579, 0.6000000238418579, 0.6000000238418579, 0.6000000238418579, 0.6000000238418579, 0.6000000238418579, 0.6000000238418579, 0.6000000238418579, 0.6000000238418579, 0.6000000238418579, 0.6000000238418579, 0.6000000238418579, 0.6000000238418579, 0.6000000238418579, 0.6000000238418579, 0.6000000238418579, 0.6000000238418579, 0.6000000238418579, 0.6000000238418579, 0.6000000238418579, 0.6000000238418579, 0.6000000238418579]}}, "loss": {"combined_parsbert_word2vec": {"train": [0.663636326789856, 0.651909589767456, 0.6493306756019592, 0.6519263982772827, 0.6477915644645691, 0.6435592174530029, 0.652824878692627, 0.6621896624565125, 0.6522631049156189, 0.6524927020072937, 0.6533940434455872, 0.6485555171966553, 0.6471062898635864, 0.649006187915802, 0.6447192430496216, 0.647472620010376, 0.6570172905921936, 0.6459460258483887, 0.6480300426483154, 0.648798406124115, 0.6548810005187988, 0.6460077166557312, 0.6519219875335693, 0.6513926386833191, 0.6532521843910217, 0.6408126354217529, 0.655526876449585, 0.6529832482337952, 0.6477283835411072, 0.6538478136062622, 0.6534304618835449, 0.6590456962585449, 0.6540690660476685, 0.6547693014144897, 0.6551035046577454, 0.6548309922218323, 0.6520521640777588, 0.646431565284729, 0.6494143605232239, 0.651504397392273, 0.6520208120346069, 0.6483109593391418, 0.6503395438194275, 0.65599125623703, 0.6515802145004272, 0.6475030183792114, 0.6541386246681213, 0.6461871266365051, 0.6431243419647217, 0.6452986001968384, 0.6499602198600769, 0.6472057700157166, 0.6490958333015442, 0.6563959121704102, 0.6532103419303894, 0.6483187675476074, 0.646845281124115, 0.6389572620391846, 0.6505314111709595, 0.6490778923034668], "val": [0.6591640114784241, 0.6331537365913391, 0.6190579533576965, 0.6439046263694763, 0.6337958574295044, 0.6292237639427185, 0.6284298896789551, 0.6222314834594727, 0.6439869999885559, 0.6183783411979675, 0.6212927103042603, 0.6276342272758484, 0.6296295523643494, 0.6434549689292908, 0.6272519826889038, 0.6253448724746704, 0.6206039786338806, 0.6244592070579529, 0.62081378698349, 0.6227948069572449, 0.6342307329177856, 0.643225908279419, 0.6195024847984314, 0.6254593133926392, 0.6454836130142212, 0.6221367716789246, 0.6303099989891052, 0.6360206007957458, 0.6242594718933105, 0.6284030079841614, 0.6449037790298462, 0.6147236227989197, 0.6180397868156433, 0.6378428936004639, 0.6302108764648438, 0.6164944767951965, 0.6366708874702454, 0.6143156886100769, 0.6363285183906555, 0.6323723196983337, 0.6296407580375671, 0.6201958060264587, 0.637086808681488, 0.6157426238059998, 0.6241472363471985, 0.639972984790802, 0.6304273009300232, 0.6245610117912292, 0.6325756311416626, 0.6272121667861938, 0.6298049092292786, 0.6289028525352478, 0.6242815256118774, 0.6359331607818604, 0.6392524242401123, 0.6380254626274109, 0.625896155834198, 0.6363726854324341, 0.6384836435317993, 0.6159996390342712], "test": [0.681670069694519, 0.6786152720451355, 0.6684368848800659, 0.6701909303665161, 0.6805514693260193, 0.6955655217170715, 0.6802608370780945, 0.6851548552513123, 0.6720759272575378, 0.6703639030456543, 0.6787643432617188, 0.6709239482879639, 0.6763862371444702, 0.6864577531814575, 0.6732027530670166, 0.6836845874786377, 0.675017774105072, 0.6774824261665344, 0.6923924088478088, 0.6749405860900879, 0.6778172850608826, 0.667047917842865, 0.7045902609825134, 0.6740407347679138, 0.664444625377655, 0.6896466612815857, 0.6860512495040894, 0.675944447517395, 0.6768218278884888, 0.6790034174919128, 0.6841726899147034, 0.6931414008140564, 0.6760908365249634, 0.6828587651252747, 0.6751552820205688, 0.683769166469574, 0.6864627003669739, 0.6870269775390625, 0.6745626330375671, 0.6753630638122559, 0.6797613501548767, 0.6883246302604675, 0.6682031154632568, 0.6755682826042175, 0.6954678893089294, 0.704841136932373, 0.6787995100021362, 0.6725688576698303, 0.6709635257720947, 0.665885329246521, 0.6706526279449463, 0.6732019782066345, 0.6979117393493652, 0.6890822052955627, 0.6730452179908752, 0.6793786287307739, 0.6827616691589355, 0.6735993027687073, 0.6744443774223328, 0.6828300952911377]}}}