,loss,acc
train,0.5914268666505813,0.74
val,0.7142685660719872,0.58
test,0.5758553892374039,0.74
