,loss,acc
train,0.600067740380764,0.72
val,0.602038516998291,0.72
test,0.5883231490850449,0.72
