,loss,acc
train,0.6871001213788986,0.54
val,0.6870729863643646,0.54
test,0.6370650708675385,0.72
