,loss,acc
train,0.7608017528057098,0.38
val,0.724161114692688,0.44
test,0.700152434706688,0.54
